taxon,nsites,ngenes,species,genus,family,order
Struthio_camelus,37236,35,Struthio_camelus,Struthio,Struthionidae,Struthioniformes
Nothocercus_nigrocapillus,6815,8,Nothocercus_nigrocapillus,Nothocercus,Tinamidae,Tinamiformes
Tinamus_guttatus,22655,23,Tinamus_guttatus,Tinamus,Tinamidae,Tinamiformes
Crypturellus_strigulosus,4885,5,Crypturellus_strigulosus,Crypturellus,Tinamidae,Tinamiformes
Eudromia_elegans,26746,24,Eudromia_elegans,Eudromia,Tinamidae,Tinamiformes
Nothoprocta_perdicaria,23642,23,Nothoprocta_perdicaria,Nothoprocta,Tinamidae,Tinamiformes
Dromaius_novaehollandiae,40070,37,Dromaius_novaehollandiae,Dromaius,Dromaiidae,Casuariiformes
Casuarius_bennetti,4895,5,Casuarius_bennetti,Casuarius,Casuariidae,Casuariiformes
Apteryx_australis,30325,27,Apteryx_australis,Apteryx,Apterygidae,Apterygiformes
Megapodius_eremita,32097,30,Megapodius_eremita,Megapodius,Megapodiidae,Galliformes
Leipoa_ocellata,14254,14,Leipoa_ocellata,Leipoa,Megapodiidae,Galliformes
Crax_alector,27633,29,Crax_alector,Crax,Cracidae,Galliformes
Penelope_obscura,13739,14,Penelope_obscura,Penelope,Cracidae,Galliformes
Numida_meleagris,34266,35,Numida_meleagris,Numida,Numididae,Galliformes
Guttera_pucherani,14003,13,Guttera_pucherani,Guttera,Numididae,Galliformes
Callipepla_californica,12148,11,Callipepla_californica,Callipepla,Odontophoridae,Galliformes
Rollulus_rouloul,28368,27,Rollulus_rouloul,Rollulus,Phasianidae,Galliformes
Gallus_varius,8566,9,Gallus_varius,Gallus,Phasianidae,Galliformes
Bonasa_umbellus,12171,11,Bonasa_umbellus,Bonasa,Phasianidae,Galliformes
Chauna_torquata,41295,39,Chauna_torquata,Chauna,Anhimidae,Anseriformes
Anhima_cornuta,12030,12,Anhima_cornuta,Anhima,Anhimidae,Anseriformes
Anseranas_semipalmata,37462,31,Anseranas_semipalmata,Anseranas,Anseranatidae,Anseriformes
Dendrocygna_arcuata,7673,4,Dendrocygna_arcuata,Dendrocygna,Anatidae,Anseriformes
Oxyura_jamaicensis,25842,27,Oxyura_jamaicensis,Oxyura,Anatidae,Anseriformes
Anser_erythropus,25342,25,Anser_erythropus,Anser,Anatidae,Anseriformes
Anas_acuta,8793,8,Anas_acuta,Anas,Anatidae,Anseriformes
Phoenicopterus_chilensis,31209,32,Phoenicopterus_chilensis,Phoenicopterus,Phoenicopteridae,Phoenicopteriformes
Tachybaptus_ruficollis,5915,5,Tachybaptus_ruficollis,Tachybaptus,Podicipedidae,Podicipediformes
Podiceps_auritus,29226,28,Podiceps_auritus,Podiceps,Podicipedidae,Podicipediformes
Columbina_passerina,26227,27,Columbina_passerina,Columbina,Columbidae,Columbiformes
Columba_livia,36920,33,Columba_livia,Columba,Columbidae,Columbiformes
Treron_vernans,20915,21,Treron_vernans,Treron,Columbidae,Columbiformes
Pterocles_namaqua,28774,28,Pterocles_namaqua,Pterocles,Pteroclidae,Ciconiiformes
Syrrhaptes_paradoxus,29769,29,Syrrhaptes_paradoxus,Syrrhaptes,Pteroclidae,Ciconiiformes
Mesitornis_unicolor,33736,32,Mesitornis_unicolor,Mesitornis,Mesitornithidae,Gruiformes
Monias_benschi,24249,25,Monias_benschi,Monias,Mesitornithidae,Gruiformes
Rhynochetos_jubatus,25337,24,Rhynochetos_jubatus,Rhynochetos,Rhynochetidae,Gruiformes
Eurypyga_helias,29365,29,Eurypyga_helias,Eurypyga,Eurypygidae,Gruiformes
Phaethon_lepturus,31213,30,Phaethon_lepturus,Phaethon,Phaethontidae,Pelecaniformes
Otis_tarda,7141,5,Otis_tarda,Otis,Otididae,Gruiformes
Ardeotis_kori,26728,25,Ardeotis_kori,Ardeotis,Otididae,Gruiformes
Corythaeola_cristata,27947,28,Corythaeola_cristata,Corythaeola,Musophagidae,Musophagiformes
Tauraco_erythrolophus,31506,29,Tauraco_erythrolophus,Tauraco,Musophagidae,Musophagiformes
Coccyzus_americanus,27124,26,Coccyzus_americanus,Coccyzus,Coccyzidae,Cuculiformes
Centropus_viridis,13474,16,Centropus_viridis,Centropus,Centropidae,Cuculiformes
Coua_cristata,26754,26,Coua_cristata,Coua,Cuculidae,Cuculiformes
Guira_guira,11442,12,Guira_guira,Guira,Crotophagidae,Cuculiformes
Aegotheles_insignis,31845,31,Aegotheles_insignis,Aegotheles,Aegothelidae,Caprimulgiformes
Hemiprocne_mystacea,23955,25,Hemiprocne_mystacea,Hemiprocne,Apodidae,Apodiformes
Streptoprocne_zonaris,28780,28,Streptoprocne_zonaris,Streptoprocne,Apodidae,Apodiformes
Chaetura_pelagica,16836,17,Chaetura_pelagica,Chaetura,Apodidae,Apodiformes
Phaethornis_griseogularis,13067,15,Phaethornis_griseogularis,Phaethornis,Trochilidae,Apodiformes
Topaza_pella,20400,23,Topaza_pella,Topaza,Trochilidae,Apodiformes
Florisuga_mellivora,9755,10,Florisuga_mellivora,Florisuga,Trochilidae,Apodiformes
Colibri_coruscans,24513,24,Colibri_coruscans,Colibri,Trochilidae,Apodiformes
Steatornis_caripensis,36449,34,Steatornis_caripensis,Steatornis,Steatornithidae,Caprimulgiformes
Podargus_strigoides,33858,32,Podargus_strigoides,Podargus,Podargidae,Caprimulgiformes
Batrachostomus_septimus,21574,20,Batrachostomus_septimus,Batrachostomus,Batrachostomatidae,Caprimulgiformes
Eurostopodus_mystacalis,21912,21,Eurostopodus_mystacalis,Eurostopodus,Eurostopodidae,Caprimulgiformes
Lyncornis_macrotis,29600,29,Lyncornis_macrotis,Lyncornis,Caprimulgidae,Caprimulgiformes
Gactornis_enarratus,5244,3,Gactornis_enarratus,Gactornis,Caprimulgidae,Caprimulgiformes
Caprimulgus_macrurus,7628,6,Caprimulgus_macrurus,Caprimulgus,Caprimulgidae,Caprimulgiformes
Opisthocomus_hoazin,44287,42,Opisthocomus_hoazin,Opisthocomus,Opisthocomidae,Opisthocomiformes
Psophia_crepitans,29454,25,Psophia_crepitans,Psophia,Psophiidae,Gruiformes
Grus_japonensis,8921,9,Grus_japonensis,Grus,Gruidae,Gruiformes
Aramus_guarauna,31270,32,Aramus_guarauna,Aramus,Aramidae,Gruiformes
Heliornis_fulica,26714,25,Heliornis_fulica,Heliornis,Heliornithidae,Gruiformes
Sarothrura_elegans,21572,22,Sarothrura_elegans,Sarothrura,Rallidae,Gruiformes
Rallus_limicola,28656,26,Rallus_limicola,Rallus,Rallidae,Gruiformes
Burhinus_bistriatus,28265,27,Burhinus_bistriatus,Burhinus,Burhinidae,Charadriiformes
Chionis_albus,18666,18,Chionis_albus,Chionis,Chionididae,Charadriiformes
Pluvianellus_socialis,11092,9,Pluvianellus_socialis,Pluvianellus,Charadriidae,Charadriiformes
Pluvianus_aegyptius,8085,6,Pluvianus_aegyptius,Pluvianus,Glareolidae,Charadriiformes
Haematopus_palliatus,23609,22,Haematopus_palliatus,Haematopus,Haematopodidae,Charadriiformes
Ibidorhyncha_struthersii,2504,3,Ibidorhyncha_struthersii,Ibidorhyncha,Charadriidae,Charadriiformes
Recurvirostra_americana,10729,9,Recurvirostra_americana,Recurvirostra,Recurvirostridae,Charadriiformes
Charadrius_vociferus,32546,29,Charadrius_vociferus,Charadrius,Charadriidae,Charadriiformes
Pedionomus_torquatus,32584,29,Pedionomus_torquatus,Pedionomus,Pedionomidae,Charadriiformes
Thinocorus_orbignyianus,28053,26,Thinocorus_orbignyianus,Thinocorus,Thinocoridae,Ciconiiformes
Rostratula_benghalensis,31055,27,Rostratula_benghalensis,Rostratula,Rostratulidae,Charadriiformes
Jacana_jacana,39236,32,Jacana_jacana,Jacana,Jacanidae,Charadriiformes
Scolopax_rusticola,8677,8,Scolopax_rusticola,Scolopax,Scolopacidae,Charadriiformes
Turnix_varia,10426,11,Turnix_varia,Turnix,Turnicidae,Charadriiformes
Dromas_ardeola,13803,15,Dromas_ardeola,Dromas,Dromadidae,Charadriiformes
Stiltia_isabella,6474,5,Stiltia_isabella,Stiltia,Glareolidae,Charadriiformes
Stercorarius_skua,16826,12,Stercorarius_skua,Stercorarius,Stercorariidae,Charadriiformes
Alca_torda,11101,10,Alca_torda,Alca,Alcidae,Charadriiformes
Uria_aalge,9850,9,Uria_aalge,Uria,Alcidae,Charadriiformes
Alle_alle_polaris,7355,6,Alle_alle_polaris,Alle,Alcidae,Charadriiformes
Rynchops_niger,14180,13,Rynchops_niger,Rynchops,Laridae,Charadriiformes
Anous_tenuirostris,8126,8,Anous_tenuirostris,Anous,Laridae,Charadriiformes
Gygis_alba,8357,8,Gygis_alba,Gygis,Laridae,Charadriiformes
Sterna_forsteri,6322,6,Sterna_forsteri,Sterna,Laridae,Charadriiformes
Larus_marinus,37163,36,Larus_marinus,Larus,Laridae,Charadriiformes
Aptenodytes_patagonicus,34618,30,Aptenodytes_patagonicus,Aptenodytes,Spheniscidae,Sphenisciformes
Spheniscus_humboldti,16033,15,Spheniscus_humboldti,Spheniscus,Spheniscidae,Sphenisciformes
Eudyptes_chrysolophus,8365,8,Eudyptes_chrysolophus,Eudyptes,Spheniscidae,Sphenisciformes
Thalassarche_bulleri,4669,3,Thalassarche_bulleri,Thalassarche,Diomedeidae,Procellariiformes
Pelecanoides_urinatrix,23251,23,Pelecanoides_urinatrix,Pelecanoides,Pelecanoididae,Procellariiformes
Oceanites_oceanicus,32201,29,Oceanites_oceanicus,Oceanites,NA,NA
Oceanodroma_tethys,29800,30,Oceanodroma_tethys,Oceanodroma,NA,NA
Puffinus_yelkouan,5249,6,Puffinus_yelkouan,Puffinus,Procellariidae,Procellariiformes
Ciconia_ciconia,40416,39,Ciconia_ciconia,Ciconia,Ciconiidae,Ciconiiformes
Theristicus_caudatus,6108,8,Theristicus_caudatus,Theristicus,Threskiornithidae,Pelecaniformes
Egretta_tricolor,6612,5,Egretta_tricolor,Egretta,Ardeidae,Pelecaniformes
Tigrisoma_lineatum,5536,7,Tigrisoma_lineatum,Tigrisoma,Ardeidae,Pelecaniformes
Pelecanus_occidentalis,35029,34,Pelecanus_occidentalis,Pelecanus,Pelecanidae,Pelecaniformes
Scopus_umbretta,31640,27,Scopus_umbretta,Scopus,Scopidae,Ciconiiformes
Balaeniceps_rex,37479,33,Balaeniceps_rex,Balaeniceps,Balaenicipitidae,Ciconiiformes
Fregata_magnificens,32743,31,Fregata_magnificens,Fregata,Fregatidae,Pelecaniformes
Anhinga_anhinga,30243,28,Anhinga_anhinga,Anhinga,Anhingidae,Pelecaniformes
Phalacrocorax_carbo,30384,33,Phalacrocorax_carbo,Phalacrocorax,Phalacrocoracidae,Pelecaniformes
Sula_leucogaster,21085,23,Sula_leucogaster,Sula,Sulidae,Pelecaniformes
Cathartes_aura,40386,37,Cathartes_aura,Cathartes,Cathartidae,Accipitriformes
Vultur_gryphus,15781,16,Vultur_gryphus,Vultur,Cathartidae,Accipitriformes
Sagittarius_serpentarius,40578,37,Sagittarius_serpentarius,Sagittarius,Sagittariidae,Accipitriformes
Pandion_haliaetus,39873,36,Pandion_haliaetus,Pandion,Pandionidae,Accipitriformes
Elanus_caeruleus,7070,5,Elanus_caeruleus,Elanus,Accipitridae,Accipitriformes
Buteo_jamaicensis,45345,40,Buteo_jamaicensis,Buteo,Accipitridae,Accipitriformes
Ninox_scutulata,5850,6,Ninox_scutulata,Ninox,Strigidae,Strigiformes
Athene_cunicularia,27947,29,Athene_cunicularia,Athene,Strigidae,Strigiformes
Strix_occidentalis,27834,29,Strix_occidentalis,Strix,Strigidae,Strigiformes
Tyto_alba,40673,36,Tyto_alba,Tyto,Tytonidae,Strigiformes
Phodilus_badius,33209,33,Phodilus_badius,Phodilus,Tytonidae,Strigiformes
Leptosomus_discolor,34458,33,Leptosomus_discolor,Leptosomus,Leptosomidae,Coraciiformes
Colius_colius,33286,32,Colius_colius,Colius,Coliidae,Coliiformes
Urocolius_indicus,23808,24,Urocolius_indicus,Urocolius,Coliidae,Coliiformes
Apalharpactes_mackloti,1656,2,Apalharpactes_mackloti,Apalharpactes,Trogonidae,Trogoniformes
Apaloderma_narina,22849,23,Apaloderma_narina,Apaloderma,Trogonidae,Trogoniformes
Trogon_personatus,28874,29,Trogon_personatus,Trogon,Trogonidae,Trogoniformes
Bucorvus_abyssinicus,23364,25,Bucorvus_abyssinicus,Bucorvus,Bucorvidae,Bucerotiformes
Buceros_rhinoceros,16553,18,Buceros_rhinoceros,Buceros,Bucerotidae,Bucerotiformes
Phoeniculus_purpureus,23958,25,Phoeniculus_purpureus,Phoeniculus,Phoeniculidae,Upupiformes
Upupa_epops,25945,25,Upupa_epops,Upupa,Upupidae,Upupiformes
Merops_nubicus,19709,22,Merops_nubicus,Merops,Meropidae,Coraciiformes
Nyctyornis_amictus,25045,23,Nyctyornis_amictus,Nyctyornis,Meropidae,Coraciiformes
Todus_angustirostris,29026,27,Todus_angustirostris,Todus,Todidae,Coraciiformes
Momotus_momota,35869,31,Momotus_momota,Momotus,Momotidae,Coraciiformes
Hylomanes_momotula,7452,7,Hylomanes_momotula,Hylomanes,Momotidae,Coraciiformes
Alcedo_hercules,5784,7,Alcedo_hercules,Alcedo,Alcedinidae,Coraciiformes
Halcyon_malimbica,9254,9,Halcyon_malimbica,Halcyon,Alcedinidae,Coraciiformes
Chloroceryle_aenea,26800,26,Chloroceryle_aenea,Chloroceryle,Cerylidae,Coraciiformes
Brachypteracias_leptosomus,8852,8,Brachypteracias_leptosomus,Brachypteracias,Brachypteraciidae,Coraciiformes
Coracias_caudatus,32817,30,Coracias_caudatus,Coracias,Coraciidae,Coraciiformes
Galbula_albirostris,23428,22,Galbula_albirostris,Galbula,Galbulidae,Galbuliformes
Bucco_macrodactylus,22629,25,Bucco_macrodactylus,Bucco,Bucconidae,Galbuliformes
Megalaima_virens,18247,17,Megalaima_virens,Megalaima,Megalaimidae,Piciformes
Lybius_dubius,1672,1,Lybius_dubius,Lybius,Lybiidae,Piciformes
Capito_niger,28858,27,Capito_niger,Capito,Ramphastidae,Piciformes
Semnornis_frantzii,7369,5,Semnornis_frantzii,Semnornis,Ramphastidae,Piciformes
Pteroglossus_castanotis,7507,8,Pteroglossus_castanotis,Pteroglossus,Ramphastidae,Piciformes
Indicator_maculatus,23100,23,Indicator_maculatus,Indicator,Indicatoridae,Piciformes
Picumnus_temminckii,9329,13,Picumnus_temminckii,Picumnus,Picidae,Piciformes
Melanerpes_carolinus,16305,17,Melanerpes_carolinus,Melanerpes,Picidae,Piciformes
Cariama_cristata,33514,33,Cariama_cristata,Cariama,Cariamidae,Cariamiformes
Micrastur_semitorquatus,28992,25,Micrastur_semitorquatus,Micrastur,Falconidae,Falconiformes
Daptrius_ater,33977,30,Daptrius_ater,Daptrius,Falconidae,Falconiformes
Microhierax_erythrogenys,8974,9,Microhierax_erythrogenys,Microhierax,Falconidae,Falconiformes
Falco_mexicanus,33511,29,Falco_mexicanus,Falco,Falconidae,Falconiformes
Nestor_notabilis,35788,35,Nestor_notabilis,Nestor,Psittacidae,Psittaciformes
Calyptorhynchus_banksii,4958,7,Calyptorhynchus_banksii,Calyptorhynchus,Cacatuidae,Psittaciformes
Psittacus_erithacus,33284,31,Psittacus_erithacus,Psittacus,Psittacidae,Psittaciformes
Myiopsitta_monachus,13149,13,Myiopsitta_monachus,Myiopsitta,Psittacidae,Psittaciformes
Alisterus_scapularis,28256,26,Alisterus_scapularis,Alisterus,Psittacidae,Psittaciformes
Acanthisitta_chloris,28899,30,Acanthisitta_chloris,Acanthisitta,Acanthisittidae,Passeriformes
Pitta_sordida,10149,10,Pitta_sordida,Pitta,Pittidae,Passeriformes
Smithornis_rufolateralis,31347,31,Smithornis_rufolateralis,Smithornis,Eurylaimidae,Passeriformes
Psarisomus_dalhousiae,11653,12,Psarisomus_dalhousiae,Psarisomus,Eurylaimidae,Passeriformes
Philepitta_castanea,11882,12,Philepitta_castanea,Philepitta,Philepittidae,Passeriformes
Sapayoa_aenigma,27893,27,Sapayoa_aenigma,Sapayoa,Tyrannidae,Passeriformes
Cotinga_cayana,7604,6,Cotinga_cayana,Cotinga,Cotingidae,Passeriformes
Platyrinchus_mystaceus,6613,9,Platyrinchus_mystaceus,Platyrinchus,Tyrannidae,Passeriformes
Pipra_fasciicauda,8283,11,Pipra_fasciicauda,Pipra,Pipridae,Passeriformes
Tityra_semifasciata,9757,9,Tityra_semifasciata,Tityra,Tyrannidae,Passeriformes
Onychorhynchus_coronatus,7405,6,Onychorhynchus_coronatus,Onychorhynchus,Tyrannidae,Passeriformes
Oxyruncus_cristatus,9529,9,Oxyruncus_cristatus,Oxyruncus,Cotingidae,Passeriformes
Tachuris_rubrigastra,6104,5,Tachuris_rubrigastra,Tachuris,Tyrannidae,Passeriformes
Rhynchocyclus_brevirostris,6066,5,Rhynchocyclus_brevirostris,Rhynchocyclus,Tyrannidae,Passeriformes
Piprites_chloris,8751,8,Piprites_chloris,Piprites,Pipridae,Passeriformes
Tyrannus_tyrannus,32328,30,Tyrannus_tyrannus,Tyrannus,Tyrannidae,Passeriformes
Myrmornis_torquata,8644,8,Myrmornis_torquata,Myrmornis,Thamnophilidae,Passeriformes
Terenura_sharpei,8186,7,Terenura_sharpei,Terenura,Thamnophilidae,Passeriformes
Thamnophilus_nigrocinereus,27179,26,Thamnophilus_nigrocinereus,Thamnophilus,Thamnophilidae,Passeriformes
Conopophaga_aurita,6306,8,Conopophaga_aurita,Conopophaga,Conopophagidae,Passeriformes
Melanopareia_elegans,8938,8,Melanopareia_elegans,Melanopareia,Rhinocryptidae,Passeriformes
Scytalopus_spillmanni,5213,7,Scytalopus_spillmanni,Scytalopus,Rhinocryptidae,Passeriformes
Grallaria_varia,20392,21,Grallaria_varia,Grallaria,Formicariidae,Passeriformes
Formicarius_colma,8831,9,Formicarius_colma,Formicarius,Formicariidae,Passeriformes
Sclerurus_mexicanus,10303,10,Sclerurus_mexicanus,Sclerurus,Furnariidae,Passeriformes
Dendrocolaptes_hoffmannsi,3962,5,Dendrocolaptes_hoffmannsi,Dendrocolaptes,Dendrocolaptidae,Passeriformes
Furnarius_rufus,11334,12,Furnarius_rufus,Furnarius,Furnariidae,Passeriformes
Menura_novaehollandiae,34225,36,Menura_novaehollandiae,Menura,Menuridae,Passeriformes
Atrichornis_clamosus,4624,3,Atrichornis_clamosus,Atrichornis,Menuridae,Passeriformes
Climacteris_erythrops,25155,23,Climacteris_erythrops,Climacteris,Climacteridae,Passeriformes
Ptilonorhynchus_violaceus,17346,17,Ptilonorhynchus_violaceus,Ptilonorhynchus,Ptilonorhynchidae,Passeriformes
Malurus_melanocephalus,30150,30,Malurus_melanocephalus,Malurus,Maluridae,Passeriformes
Dasyornis_broadbenti,6686,7,Dasyornis_broadbenti,Dasyornis,Dasyornithidae,Passeriformes
Meliphaga_gracilis,4811,6,Meliphaga_gracilis,Meliphaga,Meliphagidae,Passeriformes
Acanthiza_pusilla,12828,14,Acanthiza_pusilla,Acanthiza,Acanthizidae,Passeriformes
Pardalotus_striatus,12157,12,Pardalotus_striatus,Pardalotus,Pardalotidae,Passeriformes
Petroica_multicolor,11113,15,Petroica_multicolor,Petroica,Petroicidae,Passeriformes
Orthonyx_temminckii,15051,17,Orthonyx_temminckii,Orthonyx,Orthonychidae,Passeriformes
Pomatostomus_halli,11462,13,Pomatostomus_halli,Pomatostomus,Timaliidae,Passeriformes
Cnemophilus_loriae,15027,17,Cnemophilus_loriae,Cnemophilus,Corvidae,Passeriformes
Mohoua_albicilla,11498,15,Mohoua_albicilla,Mohoua,Acanthizidae,Passeriformes
Eulacestoma_nigropectus,14169,19,Eulacestoma_nigropectus,Eulacestoma,NA,NA
Vireo_olivaceus,9714,13,Vireo_olivaceus,Vireo,Vireonidae,Passeriformes
Corcorax_melanorhamphos,14991,17,Corcorax_melanorhamphos,Corcorax,Corcoracidae,Passeriformes
Lanius_collaris,16386,20,Lanius_collaris,Lanius,Laniidae,Passeriformes
Ptilorrhoa_leucosticta,4238,5,Ptilorrhoa_leucosticta,Ptilorrhoa,Cinclosomatidae,Passeriformes
Struthidea_cinerea,8388,8,Struthidea_cinerea,Struthidea,Corcoracidae,Passeriformes
Daphoenositta_chrysoptera,12920,14,Daphoenositta_chrysoptera,Daphoenositta,NA,NA
Pachycephala_olivacea,7730,9,Pachycephala_olivacea,Pachycephala,NA,NA
Cinclosoma_punctatum,6548,9,Cinclosoma_punctatum,Cinclosoma,Cinclosomatidae,Passeriformes
Psophodes_olivaceus,12961,17,Psophodes_olivaceus,Psophodes,Cinclosomatidae,Passeriformes
Falcunculus_frontatus,19308,22,Falcunculus_frontatus,Falcunculus,NA,NA
Oreoica_gutturalis,18231,21,Oreoica_gutturalis,Oreoica,NA,NA
Cyanocitta_cristata,11551,12,Cyanocitta_cristata,Cyanocitta,Corvidae,Passeriformes
Melampitta_lugubris,8532,8,Melampitta_lugubris,Melampitta,Corvidae,Passeriformes
Ifrita_kowaldi,9834,14,Ifrita_kowaldi,Ifrita,Cinclosomatidae,Passeriformes
Rhagologus_leucostigma,6465,9,Rhagologus_leucostigma,Rhagologus,NA,NA
Pityriasis_gymnocephala,10492,11,Pityriasis_gymnocephala,Pityriasis,Corvidae,Passeriformes
Manucodia_ater,6464,5,Manucodia_ater,Manucodia,Paradisaeidae,Passeriformes
Paradisaea_raggiana,8715,8,Paradisaea_raggiana,Paradisaea,Paradisaeidae,Passeriformes
Cracticus_nigrogularis,7381,10,Cracticus_nigrogularis,Cracticus,Artamidae,Passeriformes
Peltops_blainvillii,11867,16,Peltops_blainvillii,Peltops,Artamidae,Passeriformes
Artamus_cinereus,11916,16,Artamus_cinereus,Artamus,Corvidae,Passeriformes
Machaerirhynchus_flaviventer,14024,18,Machaerirhynchus_flaviventer,Machaerirhynchus,Dicruridae,Passeriformes
Oriolus_oriolus,16077,22,Oriolus_oriolus,Oriolus,Corvidae,Passeriformes
Coracina_salomonis,10224,14,Coracina_salomonis,Coracina,Campephagidae,Passeriformes
Rhipidura_cockerelli,13813,19,Rhipidura_cockerelli,Rhipidura,Rhipiduridae,Passeriformes
Dicrurus_ludwigii,13760,19,Dicrurus_ludwigii,Dicrurus,Dicruridae,Passeriformes
Monarcha_castaneiventris,5007,8,Monarcha_castaneiventris,Monarcha,Monarchidae,Passeriformes
Aegithina_tiphia,17415,20,Aegithina_tiphia,Aegithina,Aegithalidae,Passeriformes
Telophorus_dohertyi,11086,12,Telophorus_dohertyi,Telophorus,Malaconotidae,Passeriformes
Batis_crypta,13449,17,Batis_crypta,Batis,NA,NA
Vanga_curvirostris,10069,11,Vanga_curvirostris,Vanga,Vangidae,Passeriformes
Philesturnus_carunculatus,9357,9,Philesturnus_carunculatus,Philesturnus,Callaeidae,Passeriformes
Notiomystis_cincta,11643,12,Notiomystis_cincta,Notiomystis,Meliphagidae,Passeriformes
Chaetops_frenatus,10062,11,Chaetops_frenatus,Chaetops,Picathartidae,Passeriformes
Picathartes_gymnocephalus,29087,28,Picathartes_gymnocephalus,Picathartes,Picathartidae,Passeriformes
Dulus_dominicus,6117,4,Dulus_dominicus,Dulus,Bombycillidae,Passeriformes
Ptilogonys_caudatus,6081,4,Ptilogonys_caudatus,Ptilogonys,Bombycillidae,Passeriformes
Bombycilla_garrulus,28383,28,Bombycilla_garrulus,Bombycilla,Bombycillidae,Passeriformes
Hylocitrea_bonensis,7318,6,Hylocitrea_bonensis,Hylocitrea,Corvidae,Passeriformes
Hypocolius_ampelinus,1561,2,Hypocolius_ampelinus,Hypocolius,Hypocolidae,Passeriformes
Moho_nobilis,1502,1,Moho_nobilis,Moho,Mohoidae,Passeriformes
Elachura_formosa,5694,6,Elachura_formosa,Elachura,Elachuridae,Passeriformes
Cinclus_cinclus,12998,14,Cinclus_cinclus,Cinclus,Cinclidae,Passeriformes
Catharus_ustulatus,14051,15,Catharus_ustulatus,Catharus,Turdidae,Passeriformes
Muscicapa_striata,17735,21,Muscicapa_striata,Muscicapa,Muscicapidae,Passeriformes
Buphagus_africanus,6734,8,Buphagus_africanus,Buphagus,Sturnidae,Passeriformes
Sturnus_vulgaris,19995,21,Sturnus_vulgaris,Sturnus,Sturnidae,Passeriformes
Mimus_saturninus,10895,13,Mimus_saturninus,Mimus,Mimidae,Passeriformes
Sitta_europaea,11629,16,Sitta_europaea,Sitta,Sittidae,Passeriformes
Tichodroma_muraria,10407,10,Tichodroma_muraria,Tichodroma,Sittidae,Passeriformes
Certhia_familiaris,17557,20,Certhia_familiaris,Certhia,Certhiidae,Passeriformes
Polioptila_dumicola,7980,11,Polioptila_dumicola,Polioptila,Certhiidae,Passeriformes
Troglodytes_aedon,18162,17,Troglodytes_aedon,Troglodytes,Certhiidae,Passeriformes
Elminia_nigromitrata,10755,12,Elminia_nigromitrata,Elminia,Stenostiridae,Passeriformes
Remiz_pendulinus,12446,13,Remiz_pendulinus,Remiz,Paridae,Passeriformes
Parus_major,27515,27,Parus_major,Parus,Paridae,Passeriformes
Aegithalos_bonvaloti,10705,10,Aegithalos_bonvaloti,Aegithalos,Aegithalidae,Passeriformes
Cettia_fortipes,6230,8,Cettia_fortipes,Cettia,Sylviidae,Passeriformes
Phylloscopus_griseolus,10773,12,Phylloscopus_griseolus,Phylloscopus,Phylloscopidae,Passeriformes
Hylia_prasina,10318,10,Hylia_prasina,Hylia,Sylviidae,Passeriformes
Hirundo_rustica,15911,18,Hirundo_rustica,Hirundo,Hirundinidae,Passeriformes
Pycnonotus_barbatus,12976,14,Pycnonotus_barbatus,Pycnonotus,Pycnonotidae,Passeriformes
Cisticola_exilis,6222,7,Cisticola_exilis,Cisticola,Cisticolidae,Passeriformes
Timalia_pileata,6813,6,Timalia_pileata,Timalia,Timaliidae,Passeriformes
Zosterops_erythropleurus,5873,8,Zosterops_erythropleurus,Zosterops,Zosteropidae,Passeriformes
Garrulax_sannio,11457,13,Garrulax_sannio,Garrulax,Leiothrichidae,Passeriformes
Pellorneum_ruficeps,10758,12,Pellorneum_ruficeps,Pellorneum,Pellorneidae,Passeriformes
Pnoepyga_albiventer_albiventer,7543,7,Pnoepyga_albiventer_albiventer,Pnoepyga,Timaliidae,Passeriformes
Donacobius_atricapilla,11563,12,Donacobius_atricapilla,Donacobius,Mimidae,Passeriformes
Bernieria_madagascariensis_inceleber,5895,6,Bernieria_madagascariensis_inceleber,Bernieria,Bernieridae,Passeriformes
Acrocephalus_arundinaceus,15795,14,Acrocephalus_arundinaceus,Acrocephalus,Sylviidae,Passeriformes
Megalurus_palustris,12174,12,Megalurus_palustris,Megalurus,Locustellidae,Passeriformes
Sphenoeacus_afer,8597,8,Sphenoeacus_afer,Sphenoeacus,Sylviidae,Passeriformes
Nicator_chloris,9128,9,Nicator_chloris,Nicator,Pycnonotidae,Passeriformes
Sylvia_nana,24959,24,Sylvia_nana,Sylvia,Sylviidae,Passeriformes
Alauda_arvensis,13097,13,Alauda_arvensis,Alauda,Alaudidae,Passeriformes
Modulatrix_stictigula,10277,9,Modulatrix_stictigula,Modulatrix,Timaliidae,Passeriformes
Chloropsis_aurifrons,9622,11,Chloropsis_aurifrons,Chloropsis,Irenidae,Passeriformes
Promerops_cafer,8530,8,Promerops_cafer,Promerops,Nectariniidae,Passeriformes
Irena_puella,10054,12,Irena_puella,Irena,Irenidae,Passeriformes
Dicaeum_australe,9069,11,Dicaeum_australe,Dicaeum,Dicaeidae,Passeriformes
Nectarinia_olivacea,14055,15,Nectarinia_olivacea,Nectarinia,Nectariniidae,Passeriformes
Leptocoma_sperata,4008,5,Leptocoma_sperata,Leptocoma,Nectariniidae,Passeriformes
Melanocharis_nigra,14112,17,Melanocharis_nigra,Melanocharis,Melanocharitidae,Passeriformes
Paramythia_montium,5292,4,Paramythia_montium,Paramythia,Paramythiidae,Passeriformes
Prunella_modularis,16543,20,Prunella_modularis,Prunella,Passeridae,Passeriformes
Peucedramus_taeniatus,8709,11,Peucedramus_taeniatus,Peucedramus,Fringillidae,Passeriformes
Ploceus_cucullatus,28273,27,Ploceus_cucullatus,Ploceus,Ploceidae,Passeriformes
Urocynchramus_pylzowi,7101,9,Urocynchramus_pylzowi,Urocynchramus,Fringillidae,Passeriformes
Passer_montanus,32508,32,Passer_montanus,Passer,Passeridae,Passeriformes
Motacilla_alba,14363,18,Motacilla_alba,Motacilla,Motacillidae,Passeriformes
Taeniopygia_guttata,10351,10,Taeniopygia_guttata,Taeniopygia,Estrildidae,Passeriformes
Vidua_chalybeata,23809,24,Vidua_chalybeata,Vidua,Estrildidae,Passeriformes
Fringilla_montifringilla,31780,31,Fringilla_montifringilla,Fringilla,Fringillidae,Passeriformes
Rhodinocichla_rosea,7282,6,Rhodinocichla_rosea,Rhodinocichla,Thraupidae,Passeriformes
Plectrophenax_nivalis,12789,13,Plectrophenax_nivalis,Plectrophenax,Fringillidae,Passeriformes
Emberiza_schoeniclus,13380,14,Emberiza_schoeniclus,Emberiza,Fringillidae,Passeriformes
Ammodramus_humeralis,8809,10,Ammodramus_humeralis,Ammodramus,Passerellidae,Passeriformes
Arremonops_chloronotus,7271,6,Arremonops_chloronotus,Arremonops,Passerellidae,Passeriformes
Calyptophilus_frugivorus,7844,7,Calyptophilus_frugivorus,Calyptophilus,Thraupidae,Passeriformes
Zeledonia_coronata,12058,13,Zeledonia_coronata,Zeledonia,Parulidae,Passeriformes
Phaenicophilus_palmarum,8821,8,Phaenicophilus_palmarum,Phaenicophilus,Thraupidae,Passeriformes
Teretistris_fernandinae,10687,11,Teretistris_fernandinae,Teretistris,Parulidae,Passeriformes
Icterus_parisorum,11007,12,Icterus_parisorum,Icterus,Icteridae,Passeriformes
Setophaga_coronata,14410,16,Setophaga_coronata,Setophaga,Parulidae,Passeriformes
Cardinalis_cardinalis,18813,21,Cardinalis_cardinalis,Cardinalis,Fringillidae,Passeriformes
Mitrospingus_oleagineus,7237,6,Mitrospingus_oleagineus,Mitrospingus,Thraupidae,Passeriformes
Thraupis_episcopus,8161,11,Thraupis_episcopus,Thraupis,Thraupidae,Passeriformes
Rhea_americana,34973,32,Rhea_americana,Rhea,Rheidae,Rheiformes
Rhea_pennata,28651,29,Rhea_pennata,Rhea,Rheidae,Rheiformes
Nyctibius_grandis,33480,33,Nyctibius_grandis,Nyctibius,Nyctibiidae,Caprimulgiformes
Nyctibius_aethereus,4984,6,Nyctibius_aethereus,Nyctibius,Nyctibiidae,Caprimulgiformes
Gavia_immer,46092,39,Gavia_immer,Gavia,Gaviidae,Gaviiformes
Gavia_stellata,31721,26,Gavia_stellata,Gavia,Gaviidae,Gaviiformes
